{
  "arguments": {
    "game": [
      "--username",
      "${auth_player_name}",
      "--version",
      "${version_name}",
      "--gameDir",
      "${game_directory}",
      "--assetsDir",
      "${assets_root}",
      "--assetIndex",
      "${assets_index_name}",
      "--uuid",
      "${auth_uuid}",
      "--accessToken",
      "${auth_access_token}",
      "--userType",
      "${user_type}",
      "--versionType",
      "${version_type}",
      {
        "rules": [
          {
            "action": "allow",
            "features": {
              "is_demo_user": true
            }
          }
        ],
        "value": "--demo"
      },
      {
        "rules": [
          {
            "action": "allow",
            "features": {
              "has_custom_resolution": true
            }
          }
        ],
        "value": [
          "--width",
          "${resolution_width}",
          "--height",
          "${resolution_height}"
        ]
      }
    ],
    "jvm": [
      {
        "rules": [
          {
            "action": "allow",
            "os": {
              "name": "osx"
            }
          }
        ],
        "value": [
          "-XstartOnFirstThread"
        ]
      },
      {
        "rules": [
          {
            "action": "allow",
            "os": {
              "name": "windows"
            }
          }
        ],
        "value": "-XX:HeapDumpPath=MojangTricksIntelDriversForPerformance_javaw.exe_minecraft.exe.heapdump"
      },
      {
        "rules": [
          {
            "action": "allow",
            "os": {
              "name": "windows",
              "version": "^10\\."
            }
          }
        ],
        "value": [
          "-Dos.name=Windows 10",
          "-Dos.version=10.0"
        ]
      },
      {
        "rules": [
          {
            "action": "allow",
            "os": {
              "arch": "x86"
            }
          }
        ],
        "value": "-Xss1M"
      },
      "-Djava.library.path=${natives_directory}",
      "-Dminecraft.launcher.brand=${launcher_name}",
      "-Dminecraft.launcher.version=${launcher_version}",
	  "-noverify",
      "-cp",
      "${classpath}"
    ]
  },
  "assetIndex": {
    "id": "1.16",
    "sha1": "f3c4aa96e12951cd2781b3e1c0e8ab82bf719cf2",
    "size": 295227,
    "totalSize": 334438503,
    "url": "https://piston-meta.mojang.com/v1/packages/f3c4aa96e12951cd2781b3e1c0e8ab82bf719cf2/1.16.json"
  },
  "assets": "1.16",
  "id": "Sigma5",
  "libraries": [
	{
      "downloads": {
        "artifact": {
          "path": "com/mentalfrostbyte/annotations/24.1.0/annotations-24.1.0.jar",
          "sha1": "7af6a669488450c4a07c2c3254e2151df42d7d04",
          "size": 30570,
          "url": "https://github.com/MarkGG8181/cloud/raw/refs/heads/main/sigma/annotations-24.1.0.jar"
        }
      },
      "name": "com.mentalfrostbyte:annotations:24.1.0"
    },
		{
      "downloads": {
        "artifact": {
          "path": "com/mentalfrostbyte/ViaBackwards/5.0.4/ViaBackwards-5.0.4.jar",
          "sha1": "426bb3fcae85cbe217a511cb4543d4f4d07ef8ac",
          "size": 1169620,
          "url": "https://github.com/MarkGG8181/cloud/raw/refs/heads/main/sigma/ViaBackwards-5.0.4.jar"
        }
      },
      "name": "com.mentalfrostbyte:ViaBackwards:5.0.4"
    },
	{
      "downloads": {
        "artifact": {
          "path": "com/mentalfrostbyte/ViaVersion/5.0.5/ViaVersion-5.0.5.jar",
          "sha1": "8fe343a82e1d6b64e382d69ad6f50619647cff04",
          "size": 4923020,
          "url": "https://github.com/MarkGG8181/cloud/raw/refs/heads/main/sigma/ViaVersion-5.0.5.jar"
        }
      },
      "name": "com.mentalfrostbyte:ViaVersion:5.0.5"
    },
	{
      "downloads": {
        "artifact": {
          "path": "com/mentalfrostbyte/ViaRewind/4.0.3/ViaRewind-4.0.3.jar",
          "sha1": "2918affe926b7e85ce2f895a095d84e6a5693407",
          "size": 390959,
          "url": "https://github.com/MarkGG8181/cloud/raw/refs/heads/main/sigma/ViaRewind-4.0.3.jar"
        }
      },
      "name": "com.mentalfrostbyte:ViaRewind:4.0.3"
    },
	{
      "downloads": {
        "artifact": {
          "path": "com/mentalfrostbyte/java-discord-rpc/2.0.1-all/java-discord-rpc-2.0.1-all.jar",
          "sha1": "d5d6adb11d48813b368d6265c34bfa8f936b97d7",
          "size": 1706638,
          "url": "https://github.com/MarkGG8181/cloud/raw/refs/heads/main/sigma/java-discord-rpc-2.0.1-all.jar"
        }
      },
      "name": "com.mentalfrostbyte:java-discord-rpc:2.0.1-all"
    },
	{
      "downloads": {
        "artifact": {
          "path": "com/mentalfrostbyte/jlayer/1.0.1/jlayer-1.0.1.jar",
          "sha1": "2bfef7a5a4c9af2184ff74b460b6d7d24349b98a",
          "size": 143624,
          "url": "https://github.com/MarkGG8181/cloud/raw/refs/heads/main/sigma/jlayer-1.0.1.jar"
        }
      },
      "name": "com.mentalfrostbyte:jlayer:1.0.1"
    },
	{
      "downloads": {
        "artifact": {
          "path": "com/mentalfrostbyte/json/20140107/json-20140107.jar",
          "sha1": "d1ffca6e2482b002702c6a576166fd685e3370e3",
          "size": 64952,
          "url": "https://github.com/MarkGG8181/cloud/raw/refs/heads/main/sigma/json-20140107.jar"
        }
      },
      "name": "com.mentalfrostbyte:json:20140107"
    },
	{
      "downloads": {
        "artifact": {
          "path": "com/mentalfrostbyte/jsr305/3.0.2/jsr305-3.0.2.jar",
          "sha1": "25ea2e8b0c338a877313bd4672d3fe056ea78f0d",
          "size": 19936,
          "url": "https://github.com/MarkGG8181/cloud/raw/refs/heads/main/sigma/jsr305-3.0.2.jar"
        }
      },
      "name": "com.mentalfrostbyte:jsr305:3.0.2"
    },
	{
      "downloads": {
        "artifact": {
          "path": "com/mentalfrostbyte/jtouchbar/1.0.0/jtouchbar-1.0.0.jar",
          "sha1": "24bfecdc18b103a1a824410f97e1f7b74e67152b",
          "size": 324680,
          "url": "https://github.com/MarkGG8181/cloud/raw/refs/heads/main/sigma/jtouchbar-1.0.0.jar"
        }
      },
      "name": "com.mentalfrostbyte:jtouchbar:1.0.0"
    },
	{
      "downloads": {
        "artifact": {
          "path": "com/mentalfrostbyte/openauth/1.1.6/openauth-1.1.6.jar",
          "sha1": "b130fd84bc7b844d9ac570c40cd18b0e59b5c43c",
          "size": 49460,
          "url": "https://github.com/MarkGG8181/cloud/raw/refs/heads/main/sigma/openauth-1.1.6.jar"
        }
      },
      "name": "com.mentalfrostbyte:openauth:1.1.6"
    },
	{
      "downloads": {
        "artifact": {
          "path": "com/mentalfrostbyte/snakeyaml/2.2/snakeyaml-2.2.jar",
          "sha1": "3af797a25458550a16bf89acc8e4ab2b7f2bfce0",
          "size": 334352,
          "url": "https://github.com/MarkGG8181/cloud/raw/refs/heads/main/sigma/snakeyaml-2.2.jar"
        }
      },
      "name": "com.mentalfrostbyte:snakeyaml:2.2"
    },
	{
      "downloads": {
        "artifact": {
          "path": "com/mentalfrostbyte/socket.io-client/2.1.0/socket.io-client-2.1.0.jar",
          "sha1": "d49d37d8c62bddec4d7d0a65add9859fab666d0e",
          "size": 65628,
          "url": "https://github.com/MarkGG8181/cloud/raw/refs/heads/main/sigma/socket.io-client-2.1.0.jar"
        }
      },
      "name": "com.mentalfrostbyte:socket.io-client:2.1.0"
    },
	{
      "downloads": {
        "artifact": {
          "path": "com/mentalfrostbyte/youtubedl/1.1/youtubedl-1.1.jar",
          "sha1": "77827f97d4035da7bece2001c081294eae4bdbc6",
          "size": 11268,
          "url": "https://github.com/MarkGG8181/cloud/raw/refs/heads/main/sigma/youtubedl-1.1.jar"
        }
      },
      "name": "com.mentalfrostbyte:youtubedl:1.1"
    },
    {
      "downloads": {
        "artifact": {
          "path": "com/mojang/patchy/1.3.9/patchy-1.3.9.jar",
          "sha1": "eb8bb7b66fa0e2152b1b40b3856e82f7619439ee",
          "size": 23581,
          "url": "https://libraries.minecraft.net/com/mojang/patchy/1.3.9/patchy-1.3.9.jar"
        }
      },
      "name": "com.mojang:patchy:1.3.9"
    },
    {
      "downloads": {
        "artifact": {
          "path": "oshi-project/oshi-core/1.1/oshi-core-1.1.jar",
          "sha1": "9ddf7b048a8d701be231c0f4f95fd986198fd2d8",
          "size": 30973,
          "url": "https://libraries.minecraft.net/oshi-project/oshi-core/1.1/oshi-core-1.1.jar"
        }
      },
      "name": "oshi-project:oshi-core:1.1"
    },
    {
      "downloads": {
        "artifact": {
          "path": "net/java/dev/jna/jna/4.4.0/jna-4.4.0.jar",
          "sha1": "cb208278274bf12ebdb56c61bd7407e6f774d65a",
          "size": 1091208,
          "url": "https://libraries.minecraft.net/net/java/dev/jna/jna/4.4.0/jna-4.4.0.jar"
        }
      },
      "name": "net.java.dev.jna:jna:4.4.0"
    },
    {
      "downloads": {
        "artifact": {
          "path": "net/java/dev/jna/platform/3.4.0/platform-3.4.0.jar",
          "sha1": "e3f70017be8100d3d6923f50b3d2ee17714e9c13",
          "size": 913436,
          "url": "https://libraries.minecraft.net/net/java/dev/jna/platform/3.4.0/platform-3.4.0.jar"
        }
      },
      "name": "net.java.dev.jna:platform:3.4.0"
    },
    {
      "downloads": {
        "artifact": {
          "path": "com/ibm/icu/icu4j/66.1/icu4j-66.1.jar",
          "sha1": "72c7519b6d91f7a1f993bd44a99fe95d67211b27",
          "size": 12935630,
          "url": "https://libraries.minecraft.net/com/ibm/icu/icu4j/66.1/icu4j-66.1.jar"
        }
      },
      "name": "com.ibm.icu:icu4j:66.1"
    },
    {
      "downloads": {
        "artifact": {
          "path": "com/mojang/javabridge/1.0.22/javabridge-1.0.22.jar",
          "sha1": "6aa6453aa99a52a5cd91749da1af6ab70e082ab3",
          "size": 5111,
          "url": "https://libraries.minecraft.net/com/mojang/javabridge/1.0.22/javabridge-1.0.22.jar"
        }
      },
      "name": "com.mojang:javabridge:1.0.22"
    },
    {
      "downloads": {
        "artifact": {
          "path": "net/sf/jopt-simple/jopt-simple/5.0.3/jopt-simple-5.0.3.jar",
          "sha1": "cdd846cfc4e0f7eefafc02c0f5dce32b9303aa2a",
          "size": 78175,
          "url": "https://libraries.minecraft.net/net/sf/jopt-simple/jopt-simple/5.0.3/jopt-simple-5.0.3.jar"
        }
      },
      "name": "net.sf.jopt-simple:jopt-simple:5.0.3"
    },
    {
      "downloads": {
        "artifact": {
          "path": "io/netty/netty-all/4.1.25.Final/netty-all-4.1.25.Final.jar",
          "sha1": "d0626cd3108294d1d58c05859add27b4ef21f83b",
          "size": 3823147,
          "url": "https://libraries.minecraft.net/io/netty/netty-all/4.1.25.Final/netty-all-4.1.25.Final.jar"
        }
      },
      "name": "io.netty:netty-all:4.1.25.Final"
    },
    {
      "downloads": {
        "artifact": {
          "path": "com/google/guava/guava/21.0/guava-21.0.jar",
          "sha1": "3a3d111be1be1b745edfa7d91678a12d7ed38709",
          "size": 2521113,
          "url": "https://libraries.minecraft.net/com/google/guava/guava/21.0/guava-21.0.jar"
        }
      },
      "name": "com.google.guava:guava:21.0"
    },
    {
      "downloads": {
        "artifact": {
          "path": "org/apache/commons/commons-lang3/3.5/commons-lang3-3.5.jar",
          "sha1": "6c6c702c89bfff3cd9e80b04d668c5e190d588c6",
          "size": 479881,
          "url": "https://libraries.minecraft.net/org/apache/commons/commons-lang3/3.5/commons-lang3-3.5.jar"
        }
      },
      "name": "org.apache.commons:commons-lang3:3.5"
    },
    {
      "downloads": {
        "artifact": {
          "path": "commons-io/commons-io/2.5/commons-io-2.5.jar",
          "sha1": "2852e6e05fbb95076fc091f6d1780f1f8fe35e0f",
          "size": 208700,
          "url": "https://libraries.minecraft.net/commons-io/commons-io/2.5/commons-io-2.5.jar"
        }
      },
      "name": "commons-io:commons-io:2.5"
    },
    {
      "downloads": {
        "artifact": {
          "path": "commons-codec/commons-codec/1.10/commons-codec-1.10.jar",
          "sha1": "4b95f4897fa13f2cd904aee711aeafc0c5295cd8",
          "size": 284184,
          "url": "https://libraries.minecraft.net/commons-codec/commons-codec/1.10/commons-codec-1.10.jar"
        }
      },
      "name": "commons-codec:commons-codec:1.10"
    },
    {
      "downloads": {
        "artifact": {
          "path": "net/java/jinput/jinput/2.0.5/jinput-2.0.5.jar",
          "sha1": "39c7796b469a600f72380316f6b1f11db6c2c7c4",
          "size": 208338,
          "url": "https://libraries.minecraft.net/net/java/jinput/jinput/2.0.5/jinput-2.0.5.jar"
        }
      },
      "name": "net.java.jinput:jinput:2.0.5"
    },
    {
      "downloads": {
        "artifact": {
          "path": "net/java/jutils/jutils/1.0.0/jutils-1.0.0.jar",
          "sha1": "e12fe1fda814bd348c1579329c86943d2cd3c6a6",
          "size": 7508,
          "url": "https://libraries.minecraft.net/net/java/jutils/jutils/1.0.0/jutils-1.0.0.jar"
        }
      },
      "name": "net.java.jutils:jutils:1.0.0"
    },
    {
      "downloads": {
        "artifact": {
          "path": "com/mojang/brigadier/1.0.17/brigadier-1.0.17.jar",
          "sha1": "c6b7dc51dd44379cc751b7504816006e9be4b1e6",
          "size": 77392,
          "url": "https://libraries.minecraft.net/com/mojang/brigadier/1.0.17/brigadier-1.0.17.jar"
        }
      },
      "name": "com.mojang:brigadier:1.0.17"
    },
    {
      "downloads": {
        "artifact": {
          "path": "com/mojang/datafixerupper/4.0.26/datafixerupper-4.0.26.jar",
          "sha1": "ebd6690f33871ccee9b6132c6480668ee2e35020",
          "size": 673183,
          "url": "https://libraries.minecraft.net/com/mojang/datafixerupper/4.0.26/datafixerupper-4.0.26.jar"
        }
      },
      "name": "com.mojang:datafixerupper:4.0.26"
    },
    {
      "downloads": {
        "artifact": {
          "path": "com/google/code/gson/gson/2.8.0/gson-2.8.0.jar",
          "sha1": "c4ba5371a29ac9b2ad6129b1d39ea38750043eff",
          "size": 231952,
          "url": "https://libraries.minecraft.net/com/google/code/gson/gson/2.8.0/gson-2.8.0.jar"
        }
      },
      "name": "com.google.code.gson:gson:2.8.0"
    },
    {
      "downloads": {
        "artifact": {
          "path": "com/mojang/authlib/2.1.28/authlib-2.1.28.jar",
          "sha1": "ad54da276bf59983d02d5ed16fc14541354c71fd",
          "size": 76328,
          "url": "https://libraries.minecraft.net/com/mojang/authlib/2.1.28/authlib-2.1.28.jar"
        }
      },
      "name": "com.mojang:authlib:2.1.28"
    },
    {
      "downloads": {
        "artifact": {
          "path": "org/apache/commons/commons-compress/1.8.1/commons-compress-1.8.1.jar",
          "sha1": "a698750c16740fd5b3871425f4cb3bbaa87f529d",
          "size": 365552,
          "url": "https://libraries.minecraft.net/org/apache/commons/commons-compress/1.8.1/commons-compress-1.8.1.jar"
        }
      },
      "name": "org.apache.commons:commons-compress:1.8.1"
    },
    {
      "downloads": {
        "artifact": {
          "path": "org/apache/httpcomponents/httpclient/4.3.3/httpclient-4.3.3.jar",
          "sha1": "18f4247ff4572a074444572cee34647c43e7c9c7",
          "size": 589512,
          "url": "https://libraries.minecraft.net/org/apache/httpcomponents/httpclient/4.3.3/httpclient-4.3.3.jar"
        }
      },
      "name": "org.apache.httpcomponents:httpclient:4.3.3"
    },
    {
      "downloads": {
        "artifact": {
          "path": "commons-logging/commons-logging/1.1.3/commons-logging-1.1.3.jar",
          "sha1": "f6f66e966c70a83ffbdb6f17a0919eaf7c8aca7f",
          "size": 62050,
          "url": "https://libraries.minecraft.net/commons-logging/commons-logging/1.1.3/commons-logging-1.1.3.jar"
        }
      },
      "name": "commons-logging:commons-logging:1.1.3"
    },
    {
      "downloads": {
        "artifact": {
          "path": "org/apache/httpcomponents/httpcore/4.3.2/httpcore-4.3.2.jar",
          "sha1": "31fbbff1ddbf98f3aa7377c94d33b0447c646b6e",
          "size": 282269,
          "url": "https://libraries.minecraft.net/org/apache/httpcomponents/httpcore/4.3.2/httpcore-4.3.2.jar"
        }
      },
      "name": "org.apache.httpcomponents:httpcore:4.3.2"
    },
    {
      "downloads": {
        "artifact": {
          "path": "it/unimi/dsi/fastutil/8.2.1/fastutil-8.2.1.jar",
          "sha1": "5ad88f325e424f8dbc2be5459e21ea5cab3864e9",
          "size": 18800417,
          "url": "https://libraries.minecraft.net/it/unimi/dsi/fastutil/8.2.1/fastutil-8.2.1.jar"
        }
      },
      "name": "it.unimi.dsi:fastutil:8.2.1"
    },
    {
      "downloads": {
        "artifact": {
          "path": "org/apache/logging/log4j/log4j-api/2.8.1/log4j-api-2.8.1.jar",
          "sha1": "e801d13612e22cad62a3f4f3fe7fdbe6334a8e72",
          "size": 228859,
          "url": "https://libraries.minecraft.net/org/apache/logging/log4j/log4j-api/2.8.1/log4j-api-2.8.1.jar"
        }
      },
      "name": "org.apache.logging.log4j:log4j-api:2.8.1"
    },
    {
      "downloads": {
        "artifact": {
          "path": "org/apache/logging/log4j/log4j-core/2.8.1/log4j-core-2.8.1.jar",
          "sha1": "4ac28ff2f1ddf05dae3043a190451e8c46b73c31",
          "size": 1402925,
          "url": "https://libraries.minecraft.net/org/apache/logging/log4j/log4j-core/2.8.1/log4j-core-2.8.1.jar"
        }
      },
      "name": "org.apache.logging.log4j:log4j-core:2.8.1"
    },
    {
      "downloads": {
        "artifact": {
          "path": "org/lwjgl/lwjgl/3.3.4/lwjgl-3.3.4.jar",
          "sha1": "b86c3e4832426e8a6b466013b7cb34b40e9ce956",
          "size": 800127,
          "url": "https://github.com/MarkGG8181/cloud/raw/refs/heads/main/sigma/lwjgl-3.3.4.jar"
        }
      },
      "name": "org.lwjgl:lwjgl:3.3.4",
      "rules": [
        {
          "action": "allow",
          "os": {
            "name": "osx"
          }
        }
      ]
    },
    {
      "downloads": {
        "artifact": {
          "path": "org/lwjgl/lwjgl/3.3.4/lwjgl-3.3.4.jar",
          "sha1": "b86c3e4832426e8a6b466013b7cb34b40e9ce956",
          "size": 800127,
          "url": "https://github.com/MarkGG8181/cloud/raw/refs/heads/main/sigma/lwjgl-3.3.4.jar"
        }
      },
      "name": "org.lwjgl:lwjgl:3.3.4",
      "rules": [
        {
          "action": "allow"
        },
        {
          "action": "disallow",
          "os": {
            "name": "osx"
          }
        }
      ]
    },
    {
      "downloads": {
        "artifact": {
          "path": "org/lwjgl/lwjgl-jemalloc/3.3.4/lwjgl-jemalloc-3.3.4.jar",
          "sha1": "e3f5dcb8e13f3a5ed3f740fd30a114cee2a80bc4",
          "size": 46430,
          "url": "https://github.com/MarkGG8181/cloud/raw/refs/heads/main/sigma/lwjgl-jemalloc-3.3.4.jar"
        }
      },
      "name": "org.lwjgl:lwjgl-jemalloc:3.3.4",
      "rules": [
        {
          "action": "allow",
          "os": {
            "name": "osx"
          }
        }
      ]
    },
    {
      "downloads": {
        "artifact": {
          "path": "org/lwjgl/lwjgl-jemalloc/3.3.4/lwjgl-jemalloc-3.3.4.jar",
          "sha1": "e3f5dcb8e13f3a5ed3f740fd30a114cee2a80bc4",
          "size": 46430,
          "url": "https://github.com/MarkGG8181/cloud/raw/refs/heads/main/sigma/lwjgl-jemalloc-3.3.4.jar"
        }
      },
      "name": "org.lwjgl:lwjgl-jemalloc:3.3.4",
      "rules": [
        {
          "action": "allow"
        },
        {
          "action": "disallow",
          "os": {
            "name": "osx"
          }
        }
      ]
    },
    {
      "downloads": {
        "artifact": {
          "path": "org/lwjgl/lwjgl-openal/3.3.4/lwjgl-openal-3.3.4.jar",
          "sha1": "9b74d3ea380c83353d42af43ad9659e04dabe84a",
          "size": 113103,
          "url": "https://github.com/MarkGG8181/cloud/raw/refs/heads/main/sigma/lwjgl-openal-3.3.4.jar"
        }
      },
      "name": "org.lwjgl:lwjgl-openal:3.3.4",
      "rules": [
        {
          "action": "allow",
          "os": {
            "name": "osx"
          }
        }
      ]
    },
    {
      "downloads": {
        "artifact": {
          "path": "org/lwjgl/lwjgl-openal/3.3.4/lwjgl-openal-3.3.4.jar",
          "sha1": "9b74d3ea380c83353d42af43ad9659e04dabe84a",
          "size": 113103,
          "url": "https://github.com/MarkGG8181/cloud/raw/refs/heads/main/sigma/lwjgl-openal-3.3.4.jar"
        }
      },
      "name": "org.lwjgl:lwjgl-openal:3.3.4",
      "rules": [
        {
          "action": "allow"
        },
        {
          "action": "disallow",
          "os": {
            "name": "osx"
          }
        }
      ]
    },
    {
      "downloads": {
        "artifact": {
          "path": "org/lwjgl/lwjgl-opengl/3.3.4/lwjgl-openal-3.3.4.jar",
          "sha1": "9b74d3ea380c83353d42af43ad9659e04dabe84a",
          "size": 113103,
          "url": "https://github.com/MarkGG8181/cloud/raw/refs/heads/main/sigma/lwjgl-openal-3.3.4.jar"
        }
      },
      "name": "org.lwjgl:lwjgl-opengl:3.3.4",
      "rules": [
        {
          "action": "allow",
          "os": {
            "name": "osx"
          }
        }
      ]
    },
    {
      "downloads": {
        "artifact": {
          "path": "org/lwjgl/lwjgl-opengl/3.3.4/lwjgl-opengl-3.3.4.jar",
          "sha1": "2852ac7d9f6fc71349f1ce28e2708ff1977f18af",
          "size": 931960,
          "url": "https://github.com/MarkGG8181/cloud/raw/refs/heads/main/sigma/lwjgl-opengl-3.3.4.jar"
        }
      },
      "name": "org.lwjgl:lwjgl-opengl:3.3.4",
      "rules": [
        {
          "action": "allow"
        },
        {
          "action": "disallow",
          "os": {
            "name": "osx"
          }
        }
      ]
    },
    {
      "downloads": {
        "artifact": {
          "path": "org/lwjgl/lwjgl-glfw/3.3.4/lwjgl-glfw-3.3.4.jar",
          "sha1": "7e46ecdec85db8738053cfde1414352cd62dab74",
          "size": 147044,
          "url": "https://github.com/MarkGG8181/cloud/raw/refs/heads/main/sigma/lwjgl-glfw-3.3.4.jar"
        }
      },
      "name": "org.lwjgl:lwjgl-glfw:3.3.4",
      "rules": [
        {
          "action": "allow",
          "os": {
            "name": "osx"
          }
        }
      ]
    },
    {
      "downloads": {
        "artifact": {
          "path": "org/lwjgl/lwjgl-glfw/3.3.4/lwjgl-glfw-3.3.4.jar",
          "sha1": "7e46ecdec85db8738053cfde1414352cd62dab74",
          "size": 147044,
          "url": "https://github.com/MarkGG8181/cloud/raw/refs/heads/main/sigma/lwjgl-glfw-3.3.4.jar"
        }
      },
      "name": "org.lwjgl:lwjgl-glfw:3.3.4",
      "rules": [
        {
          "action": "allow"
        },
        {
          "action": "disallow",
          "os": {
            "name": "osx"
          }
        }
      ]
    },
    {
      "downloads": {
        "artifact": {
          "path": "org/lwjgl/lwjgl-stb/3.3.4/lwjgl-stb-3.3.4.jar",
          "sha1": "5821735d5ef23f6da8542887344e57eb181b7cac",
          "size": 143112,
          "url": "https://github.com/MarkGG8181/cloud/raw/refs/heads/main/sigma/lwjgl-stb-3.3.4.jar"
        }
      },
      "name": "org.lwjgl:lwjgl-stb:3.3.4",
      "rules": [
        {
          "action": "allow",
          "os": {
            "name": "osx"
          }
        }
      ]
    },
    {
      "downloads": {
          "artifact": {
          "path": "org/lwjgl/lwjgl-stb/3.3.4/lwjgl-stb-3.3.4.jar",
          "sha1": "5821735d5ef23f6da8542887344e57eb181b7cac",
          "size": 143112,
          "url": "https://github.com/MarkGG8181/cloud/raw/refs/heads/main/sigma/lwjgl-stb-3.3.4.jar"
        }
      },
      "name": "org.lwjgl:lwjgl-stb:3.3.4",
      "rules": [
        {
          "action": "allow"
        },
        {
          "action": "disallow",
          "os": {
            "name": "osx"
          }
        }
      ]
    },
    {
      "downloads": {
        "artifact": {
          "path": "org/lwjgl/lwjgl-tinyfd/3.3.4/lwjgl-tinyfd-3.3.4.jar",
          "sha1": "2d73789ffd8962b38d9d599cc38b2383ce818c7a",
          "size": 15928,
          "url": "https://github.com/MarkGG8181/cloud/raw/refs/heads/main/sigma/lwjgl-tinyfd-3.3.4.jar"
        }
      },
      "name": "org.lwjgl:lwjgl-tinyfd:3.3.4",
      "rules": [
        {
          "action": "allow",
          "os": {
            "name": "osx"
          }
        }
      ]
    },
    {
      "downloads": {
         "artifact": {
          "path": "org/lwjgl/lwjgl-tinyfd/3.3.4/lwjgl-tinyfd-3.3.4.jar",
          "sha1": "2d73789ffd8962b38d9d599cc38b2383ce818c7a",
          "size": 15928,
          "url": "https://github.com/MarkGG8181/cloud/raw/refs/heads/main/sigma/lwjgl-tinyfd-3.3.4.jar"
        }
      },
      "name": "org.lwjgl:lwjgl-tinyfd:3.3.4",
      "rules": [
        {
          "action": "allow"
        },
        {
          "action": "disallow",
          "os": {
            "name": "osx"
          }
        }
      ]
    },
    {
      "downloads": {
        "artifact": {
          "path": "org/lwjgl/lwjgl/3.3.4/lwjgl-3.3.4.jar",
          "sha1": "b86c3e4832426e8a6b466013b7cb34b40e9ce956",
          "size": 800127,
          "url": "https://github.com/MarkGG8181/cloud/raw/refs/heads/main/sigma/lwjgl-3.3.4.jar"
        },
        "classifiers": {
          "natives-macos": {
            "path": "org/lwjgl/lwjgl/3.3.4/lwjgl-3.3.4-natives-macos.jar",
            "sha1": "f952bb0894c946445942431de2e311feee635c00",
            "size": 73559,
            "url": "https://github.com/MarkGG8181/cloud/raw/refs/heads/main/sigma/lwjgl-3.3.4-natives-macos.jar"
          }
        }
      },
      "name": "org.lwjgl:lwjgl:3.3.4",
      "natives": {
        "osx": "natives-macos"
      },
      "rules": [
        {
          "action": "allow",
          "os": {
            "name": "osx"
          }
        }
      ]
    },
    {
      "downloads": {
        "artifact": {
          "path": "org/lwjgl/lwjgl/3.3.4/lwjgl-3.3.4.jar",
          "sha1": "b86c3e4832426e8a6b466013b7cb34b40e9ce956",
          "size": 800127,
          "url": "https://github.com/MarkGG8181/cloud/raw/refs/heads/main/sigma/lwjgl-3.3.4.jar"
        },
        "classifiers": {
          "natives-linux": {
            "path": "org/lwjgl/lwjgl/3.3.4/lwjgl-3.3.4-natives-linux.jar",
            "sha1": "0a7ccba1d3f2fef214943e74335a80cc65d04e49",
            "size": 117219,
            "url": "https://github.com/MarkGG8181/cloud/raw/refs/heads/main/sigma/lwjgl-3.3.4-natives-linux.jar"
          },
          "natives-windows": {
            "path": "org/lwjgl/lwjgl/3.3.4/lwjgl-3.3.4-natives-windows.jar",
            "sha1": "dd0927c1348cdcd9573fa24b7278ec1ac2bb0a76",
            "size": 163925,
            "url": "https://github.com/MarkGG8181/cloud/raw/refs/heads/main/sigma/lwjgl-3.3.4-natives-windows.jar"
          }
        }
      },
      "name": "org.lwjgl:lwjgl:3.3.4",
      "natives": {
        "linux": "natives-linux",
        "windows": "natives-windows"
      },
      "rules": [
        {
          "action": "allow"
        },
        {
          "action": "disallow",
          "os": {
            "name": "osx"
          }
        }
      ]
    },
    {
      "downloads": {
        "artifact": {
          "path": "org/lwjgl/lwjgl-jemalloc/3.3.4/lwjgl-jemalloc-3.3.4.jar",
          "sha1": "e3f5dcb8e13f3a5ed3f740fd30a114cee2a80bc4",
          "size": 46430,
          "url": "https://github.com/MarkGG8181/cloud/raw/refs/heads/main/sigma/lwjgl-jemalloc-3.3.4.jar"
        },
        "classifiers": {
          "natives-macos": {
            "path": "org/lwjgl/lwjgl-jemalloc/3.3.4/lwjgl-jemalloc-3.3.4-natives-macos.jar",
            "sha1": "bc99a9862de25a9bee2e340a2d404cd8933c5299",
            "size": 136844,
            "url": "https://github.com/MarkGG8181/cloud/raw/refs/heads/main/sigma/lwjgl-jemalloc-3.3.4-natives-macos.jar"
          }
        }
      },
      "name": "org.lwjgl:lwjgl-jemalloc:3.3.4",
      "natives": {
        "osx": "natives-macos"
      },
      "rules": [
        {
          "action": "allow",
          "os": {
            "name": "osx"
          }
        }
      ]
    },
    {
      "downloads": {
        "artifact": {
          "path": "org/lwjgl/lwjgl-jemalloc/3.3.4/lwjgl-jemalloc-3.3.4.jar",
          "sha1": "e3f5dcb8e13f3a5ed3f740fd30a114cee2a80bc4",
          "size": 46430,
          "url": "https://github.com/MarkGG8181/cloud/raw/refs/heads/main/sigma/lwjgl-jemalloc-3.3.4.jar"
        },
        "classifiers": {
          "natives-linux": {
            "path": "org/lwjgl/lwjgl-jemalloc/3.3.4/lwjgl-jemalloc-3.3.4-linux.jar",
            "sha1": "4cf2f56192436b563f30524a5b389f3b37cae4af",
            "size": 210552,
            "url": "https://github.com/MarkGG8181/cloud/raw/refs/heads/main/sigma/lwjgl-jemalloc-3.3.4-natives-linux.jar"
          },
          "natives-windows": {
            "path": "org/lwjgl/lwjgl-jemalloc/3.3.4/lwjgl-jemalloc-3.3.4-natives-windows.jar",
            "sha1": "4fa19a3d8262e2d73d9632b70b753a2b67552951",
            "size": 183032,
            "url": "https://github.com/MarkGG8181/cloud/raw/refs/heads/main/sigma/lwjgl-jemalloc-3.3.4-natives-windows.jar"
          }
        }
      },
      "name": "org.lwjgl:lwjgl-jemalloc:3.3.4",
      "natives": {
        "linux": "natives-linux",
        "windows": "natives-windows"
      },
      "rules": [
        {
          "action": "allow"
        },
        {
          "action": "disallow",
          "os": {
            "name": "osx"
          }
        }
      ]
    },
    {
      "downloads": {
        "artifact": {
          "path": "org/lwjgl/lwjgl-openal/3.3.4/lwjgl-3.3.4-openal.jar",
          "sha1": "9b74d3ea380c83353d42af43ad9659e04dabe84a",
          "size": 113103,
          "url": "https://github.com/MarkGG8181/cloud/raw/refs/heads/main/sigma/lwjgl-openal-3.3.4.jar"
        },
        "classifiers": {
          "natives-macos": {
            "path": "org/lwjgl/lwjgl-openal/3.3.4/lwjgl-openal-3.3.4-natives-macos.jar",
            "sha1": "ae0dd9d292744114f54d268a98cf1cd748b9994d",
            "size": 53971,
            "url": "https://github.com/MarkGG8181/cloud/raw/refs/heads/main/sigma/lwjgl-openal-3.3.4-natives-macos.jar"
          }
        }
      },
      "name": "org.lwjgl:lwjgl-openal:3.3.4",
      "natives": {
        "osx": "natives-macos"
      },
      "rules": [
        {
          "action": "allow",
          "os": {
            "name": "osx"
          }
        }
      ]
    },
    {
      "downloads": {
        "artifact": {
          "path": "org/lwjgl/lwjgl-openal/3.3.4/lwjgl-openal-3.3.4.jar",
          "sha1": "9b74d3ea380c83353d42af43ad9659e04dabe84a",
          "size": 113103,
          "url": "https://github.com/MarkGG8181/cloud/raw/refs/heads/main/sigma/lwjgl-openal-3.3.4.jar"
        },
        "classifiers": {
          "natives-linux": {
            "path": "org/lwjgl/lwjgl-openal/3.3.4/lwjgl-openal-3.3.4-natives-linux.jar",
            "sha1": "45189277b5ac64b849de7293e8b1ef2cf2082102",
            "size": 573228,
			"url": "https://github.com/MarkGG8181/cloud/raw/refs/heads/main/sigma/lwjgl-openal-3.3.4-natives-linux.jar"
          },
          "natives-windows": {
            "path": "org/lwjgl/lwjgl-openal/3.3.4/lwjgl-openal-3.3.4-natives-windows.jar",
            "sha1": "c4de8af803aacda71044418095a71cd63b569a15",
            "size": 706447,
			"url": "https://github.com/MarkGG8181/cloud/raw/refs/heads/main/sigma/lwjgl-openal-3.3.4-natives-windows.jar"
          }
        }
      },
      "name": "org.lwjgl:lwjgl-openal:3.3.4",
      "natives": {
        "linux": "natives-linux",
        "windows": "natives-windows"
      },
      "rules": [
        {
          "action": "allow"
        },
        {
          "action": "disallow",
          "os": {
            "name": "osx"
          }
        }
      ]
    },
    {
      "downloads": {
        "artifact": {
          "path": "org/lwjgl/lwjgl-opengl/3.3.4/lwjgl-opengl-3.3.4.jar",
          "sha1": "2852ac7d9f6fc71349f1ce28e2708ff1977f18af",
          "size": 931960,
          "url": "https://github.com/MarkGG8181/cloud/raw/refs/heads/main/sigma/lwjgl-opengl-3.3.4.jar"
        },
        "classifiers": {
          "natives-macos": {
            "path": "org/lwjgl/lwjgl-opengl/3.3.4/lwjgl-opengl-3.3.4-natives-macos.jar",
            "sha1": "ae0dd9d292744114f54d268a98cf1cd748b9994d",
            "size": 53971,
            "url": "https://github.com/MarkGG8181/cloud/raw/refs/heads/main/sigma/lwjgl-opengl-3.3.4-natives-macos.jar"
          }
        }
      },
      "name": "org.lwjgl:lwjgl-opengl:3.3.4",
      "natives": {
        "osx": "natives-macos"
      },
      "rules": [
        {
          "action": "allow",
          "os": {
            "name": "osx"
          }
        }
      ]
    },
    {
      "downloads": {
        "artifact": {
          "path": "org/lwjgl/lwjgl-opengl/3.3.4/lwjgl-opengl-3.3.4.jar",
          "sha1": "2852ac7d9f6fc71349f1ce28e2708ff1977f18af",
          "size": 931960,
          "url": "https://github.com/MarkGG8181/cloud/raw/refs/heads/main/sigma/lwjgl-opengl-3.3.4.jar"
        },
        "classifiers": {
          "natives-linux": {
            "path": "org/lwjgl/lwjgl-opengl/3.3.4/lwjgl-opengl-3.3.4-natives-linux.jar",
            "sha1": "789df76d2e3da55349d858dfb81442149af7c7f4",
            "size": 80466,
            "url": "https://github.com/MarkGG8181/cloud/raw/refs/heads/main/sigma/lwjgl-opengl-3.3.4-natives-linux.jar"
          },
          "natives-windows": {
            "path": "org/lwjgl/lwjgl-opengl/3.3.4/lwjgl-opengl-3.3.4-natives-windows.jar",
            "sha1": "f7ca4e75573a9ce83075bd86bc8a3e49ff106696",
            "size": 102046,
            "url": "https://github.com/MarkGG8181/cloud/raw/refs/heads/main/sigma/lwjgl-opengl-3.3.4-natives-windows.jar"
          }
        }
      },
      "name": "org.lwjgl:lwjgl-opengl:3.3.4",
      "natives": {
        "linux": "natives-linux",
        "windows": "natives-windows"
      },
      "rules": [
        {
          "action": "allow"
        },
        {
          "action": "disallow",
          "os": {
            "name": "osx"
          }
        }
      ]
    },
    {
      "downloads": {
        "artifact": {
          "path": "org/lwjgl/lwjgl-glfw/3.3.4/lwjgl-glfw-3.3.4.jar",
          "sha1": "7e46ecdec85db8738053cfde1414352cd62dab74",
          "size": 147044,
          "url": "https://github.com/MarkGG8181/cloud/raw/refs/heads/main/sigma/lwjgl-glfw-3.3.4.jar"
        },
        "classifiers": {
          "natives-macos": {
            "path": "org/lwjgl/lwjgl-glfw/3.3.4/lwjgl-glfw-3.3.4-natives-macos.jar",
            "sha1": "753fa860987242ceefa990a6062a18dff4908a33",
            "size": 149481,
            "url": "https://github.com/MarkGG8181/cloud/raw/refs/heads/main/sigma/lwjgl-glfw-3.3.4-natives-macos.jar"
          }
        }
      },
      "name": "org.lwjgl:lwjgl-glfw:3.3.4",
      "natives": {
        "osx": "natives-macos"
      },
      "rules": [
        {
          "action": "allow",
          "os": {
            "name": "osx"
          }
        }
      ]
    },
    {
      "downloads": {
        "artifact": {
          "path": "org/lwjgl/lwjgl-glfw/3.3.4/lwjgl-glfw-3.3.4.jar",
          "sha1": "7e46ecdec85db8738053cfde1414352cd62dab74",
          "size": 147044,
          "url": "https://github.com/MarkGG8181/cloud/raw/refs/heads/main/sigma/lwjgl-glfw-3.3.4.jar"
        },
        "classifiers": {
          "natives-linux": {
            "path": "org/lwjgl/lwjgl-glfw/3.3.4/lwjgl-glfw-3.3.4-natives-linux.jar",
            "sha1": "91e3d4b56d6d1369ef107b9d7801c9f38125c590",
            "size": 125474,
            "url": "https://github.com/MarkGG8181/cloud/raw/refs/heads/main/sigma/lwjgl-glfw-3.3.4-natives-linux.jar"
          },
          "natives-windows": {
            "path": "org/lwjgl/lwjgl-glfw/3.3.4/lwjgl-glfw-3.3.4-natives-windows.jar",
            "sha1": "370ef92d15819a123c643dd2b0fc3a2d40bb263c",
            "size": 169435,
            "url": "https://github.com/MarkGG8181/cloud/raw/refs/heads/main/sigma/lwjgl-glfw-3.3.4-natives-windows.jar"
          }
        }
      },
      "name": "org.lwjgl:lwjgl-glfw:3.3.4",
      "natives": {
        "linux": "natives-linux",
        "windows": "natives-windows"
      },
      "rules": [
        {
          "action": "allow"
        },
        {
          "action": "disallow",
          "os": {
            "name": "osx"
          }
        }
      ]
    },
    {
      "downloads": {
        "artifact": {
          "path": "org/lwjgl/lwjgl-stb/3.3.4/lwjgl-stb-3.3.4.jar",
          "sha1": "5821735d5ef23f6da8542887344e57eb181b7cac",
          "size": 143112,
          "url": "https://github.com/MarkGG8181/cloud/raw/refs/heads/main/sigma/lwjgl-stb-3.3.4.jar"
        },
        "classifiers": {
          "natives-macos": {
            "path": "org/lwjgl/lwjgl-stb/3.3.4/lwjgl-stb-natives-3.3.4-macos.jar",
            "sha1": "07f4d84292e503b155d9c251fdbdf5c3a8ec0545",
            "size": 217002,
            "url": "https://github.com/MarkGG8181/cloud/raw/refs/heads/main/sigma/lwjgl-stb-3.3.4-natives-macos.jar"
          }
        }
      },
      "name": "org.lwjgl:lwjgl-stb:3.3.4",
      "natives": {
        "osx": "natives-macos"
      },
      "rules": [
        {
          "action": "allow",
          "os": {
            "name": "osx"
          }
        }
      ]
    },
    {
      "downloads": {
        "artifact": {
          "path": "org/lwjgl/lwjgl-tinyfd/3.3.4/lwjgl-tinyfd-3.3.4.jar",
          "sha1": "2d73789ffd8962b38d9d599cc38b2383ce818c7a",
          "size": 15928,
          "url": "https://github.com/MarkGG8181/cloud/raw/refs/heads/main/sigma/lwjgl-tinyfd-3.3.4.jar"
        },
        "classifiers": {
          "natives-linux": {
            "path": "org/lwjgl/lwjgl-tinyfd/3.3.4/lwjgl-tinyfd-3.3.4-natives-linux.jar",
            "sha1": "90e21ef1ef4875fafa082cd3b34ff3a74a0a7a5d",
            "size": 45678,
            "url": "https://github.com/MarkGG8181/cloud/raw/refs/heads/main/sigma/lwjgl-tinyfd-3.3.4-natives-linux.jar"
          },
          "natives-windows": {
            "path": "org/lwjgl/lwjgl-tinyfd/3.3.4/lwjgl-tinyfd-3.3.4-natives-windows.jar",
            "sha1": "edb114fba87b0bb02866f18fbd0e98e999c48676",
            "size": 130451,
            "url": "https://github.com/MarkGG8181/cloud/raw/refs/heads/main/sigma/lwjgl-tinyfd-3.3.4-natives-windows.jar"
          }
        }
      },
      "name": "org.lwjgl:lwjgl-tinyfd:3.3.4",
      "natives": {
        "linux": "natives-linux",
        "windows": "natives-windows"
      },
      "rules": [
        {
          "action": "allow"
        },
        {
          "action": "disallow",
          "os": {
            "name": "osx"
          }
        }
      ]
    },
    {
      "downloads": {
        "artifact": {
          "path": "org/lwjgl/lwjgl-tinyfd/3.3.4/lwjgl-tinyfd-3.3.4.jar",
          "sha1": "2d73789ffd8962b38d9d599cc38b2383ce818c7a",
          "size": 15928,
          "url": "https://github.com/MarkGG8181/cloud/raw/refs/heads/main/sigma/lwjgl-tinyfd-3.3.4.jar"
        },
        "classifiers": {
          "natives-macos": {
            "path": "org/lwjgl/lwjgl-tinyfd/3.3.4/lwjgl-tinyfd-3.3.4-natives-macos.jar",
            "sha1": "7bf1c529b2bbb966f7c325fd6c1b14d9efb96d96",
            "size": 36463,
            "url": "https://github.com/MarkGG8181/cloud/raw/refs/heads/main/sigma/lwjgl-tinyfd-3.3.4-natives-macos.jar"
          }
        }
      },
      "name": "org.lwjgl:lwjgl-tinyfd:3.3.4",
      "natives": {
        "osx": "natives-macos"
      },
      "rules": [
        {
          "action": "allow",
          "os": {
            "name": "osx"
          }
        }
      ]
    },
    {
      "downloads": {
        "artifact": {
          "path": "org/lwjgl/lwjgl-stb/3.3.4/lwjgl-stb-3.3.4.jar",
          "sha1": "5821735d5ef23f6da8542887344e57eb181b7cac",
          "size": 143112,
          "url": "https://github.com/MarkGG8181/cloud/raw/refs/heads/main/sigma/lwjgl-stb-3.3.4.jar"
        },
        "classifiers": {
          "natives-linux": {
            "path": "org/lwjgl/lwjgl-stb/3.3.4/lwjgl-stb-3.3.4-natives-linux.jar",
            "sha1": "dfc129f009495e6effe8a023d7c3f9cf519e86e3",
            "size": 269988,
            "url": "https://github.com/MarkGG8181/cloud/raw/refs/heads/main/sigma/lwjgl-stb-3.3.4-natives-linux.jar"
          },
          "natives-windows": {
            "path": "org/lwjgl/lwjgl-stb/3.3.4/lwjgl-stb-3.3.4-natives-windows.jar",
            "sha1": "8310e565463ec8d369528e8b26a9b1518d079a01",
            "size": 301308,
            "url": "https://github.com/MarkGG8181/cloud/raw/refs/heads/main/sigma/lwjgl-stb-3.3.4-natives-windows.jar"
          }
        }
      },
      "name": "org.lwjgl:lwjgl-stb:3.3.4",
      "natives": {
        "linux": "natives-linux",
        "windows": "natives-windows"
      },
      "rules": [
        {
          "action": "allow"
        },
        {
          "action": "disallow",
          "os": {
            "name": "osx"
          }
        }
      ]
    },
    {
      "downloads": {
        "artifact": {
          "path": "com/mojang/text2speech/1.11.3/text2speech-1.11.3.jar",
          "sha1": "f378f889797edd7df8d32272c06ca80a1b6b0f58",
          "size": 13164,
          "url": "https://libraries.minecraft.net/com/mojang/text2speech/1.11.3/text2speech-1.11.3.jar"
        }
      },
      "name": "com.mojang:text2speech:1.11.3"
    },
    {
      "downloads": {
        "artifact": {
          "path": "com/mojang/text2speech/1.11.3/text2speech-1.11.3.jar",
          "sha1": "f378f889797edd7df8d32272c06ca80a1b6b0f58",
          "size": 13164,
          "url": "https://libraries.minecraft.net/com/mojang/text2speech/1.11.3/text2speech-1.11.3.jar"
        },
        "classifiers": {
          "natives-linux": {
            "path": "com/mojang/text2speech/1.11.3/text2speech-1.11.3-natives-linux.jar",
            "sha1": "ac641755a2a841d1fca9e660194f42523ee5cfe0",
            "size": 7833,
            "url": "https://libraries.minecraft.net/com/mojang/text2speech/1.11.3/text2speech-1.11.3-natives-linux.jar"
          },
          "natives-windows": {
            "path": "com/mojang/text2speech/1.11.3/text2speech-1.11.3-natives-windows.jar",
            "sha1": "c0b242c0091be5acbf303263c7eeeaedd70544c7",
            "size": 81379,
            "url": "https://libraries.minecraft.net/com/mojang/text2speech/1.11.3/text2speech-1.11.3-natives-windows.jar"
          }
        }
      },
      "extract": {
        "exclude": [
          "META-INF/"
        ]
      },
      "name": "com.mojang:text2speech:1.11.3",
      "natives": {
        "linux": "natives-linux",
        "windows": "natives-windows"
      }
    },
    {
      "downloads": {
        "artifact": {
          "path": "ca/weblite/java-objc-bridge/1.0.0/java-objc-bridge-1.0.0.jar",
          "sha1": "6ef160c3133a78de015830860197602ca1c855d3",
          "size": 40502,
          "url": "https://libraries.minecraft.net/ca/weblite/java-objc-bridge/1.0.0/java-objc-bridge-1.0.0.jar"
        },
        "classifiers": {
          "natives-osx": {
            "path": "ca/weblite/java-objc-bridge/1.0.0/java-objc-bridge-1.0.0-natives-osx.jar",
            "sha1": "08befab4894d55875f33c3d300f4f71e6e828f64",
            "size": 5629,
            "url": "https://libraries.minecraft.net/ca/weblite/java-objc-bridge/1.0.0/java-objc-bridge-1.0.0-natives-osx.jar"
          }
        }
      },
      "extract": {
        "exclude": [
          "META-INF/"
        ]
      },
      "name": "ca.weblite:java-objc-bridge:1.0.0",
      "natives": {
        "osx": "natives-osx"
      },
      "rules": [
        {
          "action": "allow",
          "os": {
            "name": "osx"
          }
        }
      ]
    },
    {
      "downloads": {
        "artifact": {
          "path": "ca/weblite/java-objc-bridge/1.0.0/java-objc-bridge-1.0.0.jar",
          "sha1": "6ef160c3133a78de015830860197602ca1c855d3",
          "size": 40502,
          "url": "https://libraries.minecraft.net/ca/weblite/java-objc-bridge/1.0.0/java-objc-bridge-1.0.0.jar"
        }
      },
      "name": "ca.weblite:java-objc-bridge:1.0.0",
      "rules": [
        {
          "action": "allow",
          "os": {
            "name": "osx"
          }
        }
      ]
    }
  ],
  "logging": {
    "client": {
      "argument": "-Dlog4j.configurationFile=${path}",
      "file": {
        "id": "client-1.12.xml",
        "sha1": "bd65e7d2e3c237be76cfbef4c2405033d7f91521",
        "size": 888,
        "url": "https://piston-data.mojang.com/v1/objects/bd65e7d2e3c237be76cfbef4c2405033d7f91521/client-1.12.xml"
      },
      "type": "log4j2-xml"
    }
  },
  "mainClass": "info.sigmaclient.jellobootstrap.JelloBootstrap",
  "minimumLauncherVersion": 21,
  "releaseTime": "2020-10-29T15:49:37+00:00",
  "time": "2020-10-29T15:49:37+00:00",
  "type": "release"
}